Input 1,Input 2,Output
0,0,0.00012810441
0,1,0.99985635
1,0,0.9997887
1,1,0.00022651104
