Input 1,Input 2,Input 3,Input 4,Input 5,Input 6,Input 7,Input 8,Input 9,Output 1,Output 2,Output 3,Output 4,Output 5,Output 6,Output 7,Output 8,Output 9
0,0,0,0,1,0,0,0,0,0.9950825,0.9383222,0.96204555,0.9823178,0.001666549,0.9165372,0.98622394,0.9714984,0.96801555
-1,-1,1,0,-1,-1,1,0,1,2.0662284e-08,0.00039400242,1.217986e-08,0.09508949,2.4527114e-06,0.0038446453,2.5025397e-06,0.9961577,7.4539585e-06
-1,-1,1,0,-1,0,1,0,0,1.0240752e-05,0.016720578,3.462015e-07,0.22061318,2.8350748e-06,0.9087948,2.8757472e-07,0.9812826,0.9848409
-1,-1,1,0,1,0,0,0,0,4.280266e-06,0.0007216195,3.2762044e-05,0.38569242,2.6844824e-05,0.41990966,0.98158777,0.022796936,0.046175413
-1,-1,1,0,0,0,0,0,0,6.238411e-05,0.0028813495,1.4459383e-06,0.13897438,0.64699376,0.92649794,0.95672536,0.2112867,0.6708425
-1,0,0,1,0,0,0,0,-1,0.014745355,0.8582672,0.3646987,1.4160687e-06,0.9937063,0.96793795,0.7676938,0.9740812,0.0067129536
