Input 1,Input 2,Output
0,0,0.03745927
0,1,0.9667341
1,0,0.966729
1,1,0.03505255
